Anomaly_Class,Count,Rule_Recall_mean,Rule_Recall_sd,MAD_Recall_mean,MAD_Recall_sd,IF_Recall_mean,IF_Recall_sd,LOF_Recall_mean,LOF_Recall_sd
MISSING_FIELDS,34,100.0,0.0,0.0,0.0,19.41176470588235,6.732660671917411,14.705882352941174,4.362469698291567
DUPLICATE_RECORDS,34,100.0,0.0,0.0,0.0,12.352941176470585,3.6735282343519993,11.470588235294118,3.340534321058984
CONFLICTING_RECORDS,34,100.0,0.0,0.0,0.0,16.764705882352942,7.089394584231735,10.88235294117647,3.731934570720447
IMPOSSIBLE_STATES,33,100.0,0.0,0.0,0.0,76.96969696969698,20.561449034772572,78.48484848484848,10.879589740009845
EXPIRY_VIOLATIONS,33,100.0,0.0,0.0,0.0,19.696969696969695,6.9432965075088475,42.727272727272734,23.76229081226102
TRACEABILITY_BREAKS,33,100.0,0.0,0.0,0.0,8.787878787878789,4.9700665051080986,15.151515151515152,5.420770854544945
FORMAT_INCONSISTENCIES,33,100.0,0.0,0.0,0.0,14.545454545454545,5.213530464874319,11.515151515151514,6.1806297134458
TEMPORAL_ANOMALIES,33,100.0,0.0,0.0,0.0,3.0303030303030303,2.7103854272724726,69.6969696969697,14.148627309004546
STATISTICAL_BURSTS,33,0.0,0.0,100.0,0.0,71.21212121212122,20.112173946721356,98.48484848484847,3.6489680541794836
